7,7;0:00.030;a cpu;7,1;0:00.030;d cpu;21,4;0:00.040;g cpu;57,1;0:00.090;j cpu
7,7;0:00.040;b time;23,1;0:00.060;e time;85,7;0:00.160;h time;93,3;0:00.230;k time
15,4;0:00.060;LEFT;53,8;0:00.130;LEFT;100;0:00.290;LEFT;86,7;0:00.360;LEFT
25;0:00.090;PARDUS;38,5;0:00.180;PARDUS;84,6;0:00.400;UBUNTU;100;0:00.510;UBUNTU
30,8;0:00.130;GPOS;30,8;0:00.220;RTOS;100;0:00.530;GPOS;87,5;0:00.650;RTOS
16,7;0:00.150;;53,8;0:00.290;;92,3;0:00.910;;100;0:00.780;
7,7;0:00.160;;68,8;0:00.400;;92,3;0:01.050;;100;0:00.850;
15,4;0:00.180;;100;0:00.530;;69,2;0:01.140;;100;0:00.910;
41,7;0:00.230;;84,6;0:00.640;;53,8;0:01.210;;115,4;0:01.060;
30,8;0:00.270;;100;0:00.770;;84,5;0:01.340;;80;0:01.180;
46,2;0:00.330;;85,7;0:00.890;;69,2;0:01.430;;50;0:01.250;
83,3;0:00.430;;100;0:01.030;;7,7;0:01.440;;50;0:01.320;
38,5;0:00.480;;100;0:01.170;;15,4;0:01.460;;85,7;0:01.440;
38,5;0:00.530;;100;0:01.310;;8,3;0:01.470;;78,6;0:01.550;
83,3;0:00.630;;85,7;0:01.430;;7,7;0:01.480;;21,4;0:01.580;
92,3;0:00.750;;100;0:01.570;;7,7;0:01.490;;6,2;0:01.590;
108,3;0:00.880;;16,7;0:01.600;;7,1;0:01.500;;7,1;0:01.600;
100;0:01.000;;7,1;0:01.610;;7,7;0:01.510;;7,1;0:01.610;
75;0:01.090;;7,1;0:01.620;;7,7;0:01.520;;6,7;0:01.620;
64,3;0:01.180;;7,1;0:01.630;;7,7;0:01.530;;7,1;0:01.630;
30,8;0:01.220;;7,7;0:01.640;;7,7;0:01.540;;7,1;0:01.640;
33,3;0:01.260;;7,7;0:01.650;;7,1;0:01.550;;7,1;0:01.650;
30,8;0:01.300;;42,9;0:01.710;;7,7;0:01.560;;7,1;0:01.660;
15,4;0:01.320;;56,2;0:01.800;;7,7;0:01.570;;7,1;0:01.670;
76,9;0:01.420;;50;0:01.870;;7,7;0:01.580;;7,1;0:01.680;
100;0:01.550;;28,6;0:01.910;;7,7;0:01.590;;6,7;0:01.690;
100;0:01.680;;71,4;0:02.010;;7,7;0:01.600;;6,7;0:01.700;
108,3;0:01.810;;100;0:02.150;;6,2;0:01.610;;6,7;0:01.710;
69,2;0:01.900;;100;0:02.290;;7,1;0:01.620;;6,7;0:01.720;
58,3;0:01.970;;100;0:02.430;;6,2;0:01.630;;7,1;0:01.730;
15,4;0:01.990;;92,9;0:02.560;;7,7;0:01.640;;7,7;0:01.740;
7,1;0:02.000;;76,9;0:02.660;;7,1;0:01.650;;11,8;0:01.760;
7,7;0:02.010;;50;0:02.730;;6,2;0:01.660;;7,1;0:01.770;
15,4;0:02.030;;23,1;0:02.760;;7,1;0:01.670;;7,1;0:01.780;
7,7;0:02.040;;7,7;0:02.770;;7,1;0:01.680;;7,1;0:01.790;
7,7;0:02.050;;7,7;0:02.780;;7,1;0:01.690;;7,1;0:01.800;
7,7;0:02.060;;6,7;0:02.790;;7,7;0:01.700;;14,3;0:01.820;
7,7;0:02.070;;7,1;0:02.800;;7,7;0:01.710;;7,1;0:01.830;
15,4;0:02.090;;7,1;0:02.810;;6,7;0:01.720;;6,2;0:01.840;
7,7;0:02.100;;8,3;0:02.820;;7,7;0:01.730;;6,2;0:01.850;
15,4;0:02.120;;7,1;0:02.830;;7,7;0:01.740;;7,1;0:01.860;
7,7;0:02.130;;7,1;0:02.840;;7,1;0:01.750;;7,1;0:01.870;
7,7;0:02.140;;7,7;0:02.850;;7,7;0:01.760;;7,1;0:01.880;
7,7;0:02.150;;7,1;0:02.860;;7,1;0:01.770;;7,1;0:01.890;
7,7;0:02.160;;7,7;0:02.870;;7,7;0:01.780;;7,1;0:01.900;
7,7;0:02.170;;14,3;0:02.890;;15,4;0:01.800;;7,1;0:01.910;
7,7;0:02.180;;7,1;0:02.900;;6,7;0:01.810;;7,1;0:01.920;
7,1;0:02.190;;12,5;0:02.920;;7,7;0:01.820;;14,3;0:01.940;
8,3;0:02.200;;7,7;0:02.930;;7,1;0:01.830;;7,1;0:01.950;
7,7;0:02.210;;7,7;0:02.940;;7,1;0:01.840;;6,7;0:01.960;
7,7;0:02.220;;7,7;0:02.950;;7,7;0:01.850;;5,9;0:01.970;
7,7;0:02.230;;7,1;0:02.960;;7,7;0:01.860;;6,7;0:01.980;
7,7;0:02.240;;7,7;0:02.970;;7,7;0:01.870;;7,1;0:01.990;
23,1;0:02.270;;7,7;0:02.980;;7,1;0:01.880;;7,1;0:02.000;
7,7;0:02.280;;7,7;0:02.990;;7,7;0:01.890;;7,1;0:02.010;
7,7;0:02.290;;7,7;0:03.000;;7,7;0:01.900;;7,1;0:02.020;
7,7;0:02.300;;6,7;0:03.010;;7,1;0:01.910;;7,1;0:02.030;
8,3;0:02.310;;7,7;0:03.020;;8,3;0:01.920;;7,1;0:02.040;
7,7;0:02.320;;7,1;0:03.030;;7,7;0:01.930;;7,1;0:02.050;
7,7;0:02.330;;7,1;0:03.040;;7,1;0:01.940;;6,7;0:02.060;
15,4;0:02.350;;8,3;0:03.050;;7,7;0:01.950;;6,7;0:02.070;
7,7;0:02.360;;7,1;0:03.060;;7,7;0:01.960;;7,7;0:02.080;
7,7;0:02.370;;7,7;0:03.070;;7,1;0:01.970;;5,6;0:02.090;
7,7;0:02.380;;7,7;0:03.080;;15,4;0:01.990;;11,1;0:02.110;
7,7;0:02.390;;7,7;0:03.090;;7,7;0:02.000;;6,2;0:02.120;
7,7;0:02.400;;7,7;0:03.100;;7,1;0:02.010;;6,2;0:02.130;
7,7;0:02.410;;14,3;0:03.120;;7,7;0:02.020;;6,7;0:02.140;
7,7;0:02.420;;7,7;0:03.130;;7,1;0:02.030;;6,7;0:02.150;
7,7;0:02.430;;7,1;0:03.140;;7,7;0:02.040;;7,1;0:02.160;
7,7;0:02.440;;7,7;0:03.150;;7,1;0:02.050;;6,7;0:02.170;
7,7;0:02.450;;7,7;0:03.160;;7,7;0:02.060;;14,3;0:02.190;
6,7;0:02.460;;7,7;0:03.170;;7,1;0:02.070;;6,7;0:02.200;
7,7;0:02.470;;7,7;0:03.180;;7,7;0:02.080;;6,7;0:02.210;
8,3;0:02.480;;7,7;0:03.190;;7,1;0:02.090;;5,9;0:02.220;
7,7;0:02.490;;7,1;0:03.200;;7,7;0:02.100;;7,1;0:02.230;
7,7;0:02.500;;7,7;0:03.210;;7,7;0:02.110;;14,3;0:02.250;
7,7;0:02.510;;7,7;0:03.220;;7,7;0:02.120;;6,7;0:02.260;
7,7;0:02.520;;7,7;0:03.230;;7,1;0:02.130;;7,1;0:02.270;
8,3;0:02.530;;7,7;0:03.240;;7,7;0:02.140;;7,1;0:02.280;
7,7;0:02.540;;7,7;0:03.250;;7,7;0:02.150;;6,7;0:02.290;
7,7;0:02.550;;7,7;0:03.260;;7,7;0:02.160;;7,1;0:02.300;
8,3;0:02.560;;7,7;0:03.270;;7,7;0:02.170;;7,1;0:02.310;
8,3;0:02.570;;7,7;0:03.280;;7,7;0:02.180;;7,1;0:02.320;
8,3;0:02.580;;7,1;0:03.290;;7,1;0:02.190;;7,1;0:02.330;
7,7;0:02.590;;6,7;0:03.300;;7,1;0:02.200;;7,1;0:02.340;
7,7;0:02.600;;7,1;0:03.310;;7,7;0:02.210;;7,1;0:02.350;
7,7;0:02.610;;7,7;0:03.320;;7,7;0:02.220;;7,1;0:02.360;
7,7;0:02.620;;7,1;0:03.330;;7,7;0:02.230;;6,7;0:02.370;
7,7;0:02.630;;7,7;0:03.340;;7,1;0:02.240;;7,1;0:02.380;
8,3;0:02.640;;7,7;0:03.350;;7,7;0:02.250;;7,1;0:02.390;
7,7;0:02.650;;7,7;0:03.360;;7,7;0:02.260;;5,9;0:02.400;
8,3;0:02.660;;7,1;0:03.370;;15,4;0:02.280;;7,1;0:02.410;
7,7;0:02.670;;7,7;0:03.380;;7,7;0:02.290;;7,1;0:02.420;
7,7;0:02.680;;7,7;0:03.390;;14,3;0:02.310;;7,1;0:02.430;
7,7;0:02.690;;7,7;0:03.400;;7,7;0:02.320;;7,1;0:02.440;
7,7;0:02.700;;7,7;0:03.410;;7,7;0:02.330;;7,1;0:02.450;
7,7;0:02.710;;7,7;0:03.420;;7,7;0:02.340;;7,1;0:02.460;
8,3;0:02.720;;7,7;0:03.430;;8,3;0:02.350;;7,1;0:02.470;
7,7;0:02.730;;7,7;0:03.440;;7,1;0:02.360;;7,1;0:02.480;
7,7;0:02.740;;7,7;0:03.450;;7,7;0:02.370;;7,1;0:02.490;
7,7;0:02.750;;7,7;0:03.460;;7,7;0:02.380;;7,1;0:02.500;
7,7;0:02.760;;7,1;0:03.470;;7,7;0:02.390;;7,1;0:02.510;
7,7;0:02.770;;7,7;0:03.480;;7,7;0:02.400;;6,7;0:02.520;
8,3;0:02.780;;7,7;0:03.490;;7,7;0:02.410;;7,1;0:02.530;
8,3;0:02.790;;7,1;0:03.500;;7,7;0:02.420;;5,6;0:02.540;
7,7;0:02.800;;7,7;0:03.510;;7,7;0:02.430;;6,7;0:02.550;
7,7;0:02.810;;7,1;0:03.520;;7,1;0:02.440;;7,1;0:02.560;
7,7;0:02.820;;7,7;0:03.530;;7,7;0:02.450;;7,1;0:02.570;
8,3;0:02.830;;7,7;0:03.540;;7,7;0:02.460;;7,1;0:02.580;
8,3;0:02.840;;7,7;0:03.550;;7,7;0:02.470;;7,1;0:02.590;
7,7;0:02.850;;7,7;0:03.560;;7,1;0:02.480;;7,1;0:02.600;
8,3;0:02.860;;7,7;0:03.570;;7,7;0:02.490;;6,7;0:02.610;
7,7;0:02.870;;7,7;0:03.580;;7,7;0:02.500;;7,1;0:02.620;
7,7;0:02.880;;7,7;0:03.590;;7,7;0:02.510;;6,7;0:02.630;
7,7;0:02.890;;7,7;0:03.600;;7,1;0:02.520;;7,1;0:02.640;
7,7;0:02.900;;21,4;0:03.630;;7,7;0:02.530;;7,1;0:02.650;
7,7;0:02.910;;14,3;0:03.650;;7,7;0:02.540;;7,1;0:02.660;
8,3;0:02.920;;30,8;0:03.690;;7,1;0:02.550;;7,1;0:02.670;
7,7;0:02.930;;35,7;0:03.740;;7,7;0:02.560;;7,1;0:02.680;
7,7;0:02.940;;46,7;0:03.810;;7,7;0:02.570;;6,7;0:02.690;
8,3;0:02.950;;43,8;0:03.880;;7,7;0:02.580;;7,1;0:02.700;
7,7;0:02.960;;50;0:03.950;;7,1;0:02.590;;7,1;0:02.710;
8,3;0:02.970;;46,7;0:04.020;;7,7;0:02.600;;7,1;0:02.720;
8,3;0:02.980;;50;0:04.090;;7,7;0:02.610;;6,7;0:02.730;
7,7;0:02.990;;50;0:04.160;;7,7;0:02.620;;6,7;0:02.740;
7,7;0:03.000;;43,8;0:04.230;;7,7;0:02.630;;6,7;0:02.750;
8,3;0:03.010;;46,2;0:04.290;;7,7;0:02.640;;7,1;0:02.760;
7,7;0:03.020;;61,5;0:04.370;;7,1;0:02.650;;7,1;0:02.770;
7,7;0:03.030;;57,1;0:04.450;;7,1;0:02.660;;7,1;0:02.780;
7,7;0:03.040;;50;0:04.530;;7,7;0:02.670;;7,1;0:02.790;
7,7;0:03.050;;57,1;0:04.610;;7,7;0:02.680;;7,1;0:02.800;
7,7;0:03.060;;57,1;0:04.690;;7,7;0:02.690;;7,1;0:02.810;
8,3;0:03.070;;64,3;0:04.780;;7,7;0:02.700;;7,1;0:02.820;
8,3;0:03.080;;50;0:04.860;;7,7;0:02.710;;6,7;0:02.830;
7,7;0:03.090;;50;0:04.930;;7,7;0:02.720;;7,1;0:02.840;
8,3;0:03.100;;53,3;0:05.010;;7,7;0:02.730;;7,1;0:02.850;
7,7;0:03.110;;56,2;0:05.100;;15,4;0:02.750;;7,1;0:02.860;
7,7;0:03.120;;53,3;0:05.180;;7,7;0:02.760;;6,7;0:02.870;
8,3;0:03.130;;56,2;0:05.270;;7,7;0:02.770;;7,1;0:02.880;
7,7;0:03.140;;50;0:05.350;;7,7;0:02.780;;7,1;0:02.890;
7,7;0:03.150;;62,5;0:05.450;;8,3;0:02.790;;14,3;0:02.910;
7,7;0:03.160;;64,3;0:05.540;;7,7;0:02.800;;7,1;0:02.920;
8,3;0:03.170;;46,7;0:05.610;;7,7;0:02.810;;7,1;0:02.930;
7,7;0:03.180;;50;0:05.680;;15,4;0:02.830;;7,1;0:02.940;
7,7;0:03.190;;64,3;0:05.770;;15,4;0:02.850;;6,7;0:02.950;
7,7;0:03.200;;50;0:05.850;;7,7;0:02.860;;7,1;0:02.960;
7,7;0:03.210;;42,9;0:05.910;;7,7;0:02.870;;7,1;0:02.970;
7,7;0:03.220;;62,5;0:06.010;;7,7;0:02.880;;6,7;0:02.980;
7,7;0:03.230;;40;0:06.070;;7,1;0:02.890;;7,1;0:02.990;
7,7;0:03.240;;46,7;0:06.140;;7,7;0:02.900;;7,1;0:03.000;
15,4;0:03.260;;66,7;0:06.240;;7,7;0:02.910;;7,1;0:03.010;
7,7;0:03.270;;52,9;0:06.330;;7,7;0:02.920;;7,1;0:03.020;
7,7;0:03.280;;64,3;0:06.420;;7,1;0:02.930;;6,7;0:03.030;
7,7;0:03.290;;50;0:06.490;;7,7;0:02.940;;7,1;0:03.040;
8,3;0:03.300;;64,3;0:06.580;;7,7;0:02.950;;7,1;0:03.050;
8,3;0:03.310;;35,7;0:06.630;;7,7;0:02.960;;7,1;0:03.060;
16,7;0:03.330;;53,3;0:06.710;;15,4;0:02.980;;7,1;0:03.070;
7,7;0:03.340;;57,1;0:06.790;;7,7;0:02.990;;7,1;0:03.080;
7,7;0:03.350;;53,3;0:06.870;;7,7;0:03.000;;6,7;0:03.090;
7,7;0:03.360;;50;0:06.940;;7,7;0:03.010;;7,1;0:03.100;
7,7;0:03.370;;43,8;0:07.010;;7,7;0:03.020;;7,1;0:03.110;
7,7;0:03.380;;42,9;0:07.070;;7,7;0:03.030;;7,1;0:03.120;
8,3;0:03.390;;66,7;0:07.170;;7,7;0:03.040;;7,1;0:03.130;
7,7;0:03.400;;43,8;0:07.240;;6,7;0:03.050;;7,1;0:03.140;
8,3;0:03.410;;42,9;0:07.300;;7,7;0:03.060;;7,1;0:03.150;
7,7;0:03.420;;57,1;0:07.380;;7,7;0:03.070;;6,7;0:03.160;
7,7;0:03.430;;50;0:07.460;;7,7;0:03.080;;7,1;0:03.170;
8,3;0:03.440;;66,7;0:07.560;;7,7;0:03.090;;5,9;0:03.180;
7,7;0:03.450;;57,1;0:07.640;;7,7;0:03.100;;7,1;0:03.190;
7,7;0:03.460;;62,5;0:07.740;;7,1;0:03.110;;14,3;0:03.210;
7,7;0:03.470;;50;0:07.820;;7,7;0:03.120;;7,1;0:03.220;
7,7;0:03.480;;64,3;0:07.910;;7,7;0:03.130;;7,1;0:03.230;
16,7;0:03.500;;40;0:07.970;;7,7;0:03.140;;7,1;0:03.240;
7,7;0:03.510;;64,3;0:08.060;;7,1;0:03.150;;7,1;0:03.250;
8,3;0:03.520;;50;0:08.130;;7,7;0:03.160;;6,7;0:03.260;
7,7;0:03.530;;46,7;0:08.200;;16,7;0:03.180;;7,1;0:03.270;
15,4;0:03.550;;61,5;0:08.280;;7,7;0:03.190;;6,7;0:03.280;
7,7;0:03.560;;53,3;0:08.360;;7,1;0:03.200;;7,1;0:03.290;
7,7;0:03.570;;46,7;0:08.430;;7,7;0:03.210;;6,7;0:03.300;
7,7;0:03.580;;40;0:08.490;;7,7;0:03.220;;7,1;0:03.310;
7,7;0:03.590;;46,2;0:08.550;;7,7;0:03.230;;7,1;0:03.320;
8,3;0:03.600;;50;0:08.630;;7,1;0:03.240;;7,1;0:03.330;
23,1;0:03.630;;57,1;0:08.710;;7,1;0:03.250;;7,1;0:03.340;
21,4;0:03.660;;53,3;0:08.790;;7,7;0:03.260;;7,1;0:03.350;
35,7;0:03.710;;57,1;0:08.870;;7,7;0:03.270;;7,1;0:03.360;
46,2;0:03.770;;43,8;0:08.940;;7,7;0:03.280;;7,1;0:03.370;
60;0:03.860;;60;0:09.030;;7,1;0:03.290;;7,1;0:03.380;
69,2;0:03.950;;43,8;0:09.100;;7,7;0:03.300;;7,1;0:03.390;
46,7;0:04.020;;53,8;0:09.170;;7,7;0:03.310;;7,1;0:03.400;
46,7;0:04.090;;57,1;0:09.250;;15,4;0:03.330;;7,1;0:03.410;
42,9;0:04.150;;57,1;0:09.330;;7,1;0:03.340;;7,1;0:03.420;
52,9;0:04.240;;50;0:09.400;;7,7;0:03.350;;7,1;0:03.430;
64,3;0:04.330;;60;0:09.490;;7,7;0:03.360;;6,7;0:03.440;
57,1;0:04.410;;46,7;0:09.560;;7,7;0:03.370;;7,7;0:03.450;
42,9;0:04.470;;46,2;0:09.620;;7,7;0:03.380;;6,7;0:03.460;
46,7;0:04.540;;42,9;0:09.680;;7,1;0:03.390;;7,1;0:03.470;
64,3;0:04.630;;53,3;0:09.760;;7,7;0:03.400;;7,1;0:03.480;
46,7;0:04.700;;47,1;0:09.840;;7,7;0:03.410;;6,7;0:03.490;
61,5;0:04.780;;60;0:09.930;;7,7;0:03.420;;7,1;0:03.500;
35,7;0:04.830;;42,9;0:09.990;;7,7;0:03.430;;7,1;0:03.510;
42,9;0:04.890;;53,3;0:10.070;;7,7;0:03.440;;7,1;0:03.520;
46,2;0:04.950;;46,7;0:10.140;;7,7;0:03.450;;6,2;0:03.530;
64,3;0:05.040;;50;0:10.210;;7,7;0:03.460;;7,1;0:03.540;
60;0:05.130;;64,3;0:10.300;;7,1;0:03.470;;7,1;0:03.550;
42,9;0:05.190;;46,7;0:10.370;;7,1;0:03.480;;7,1;0:03.560;
57,1;0:05.270;;42,9;0:10.430;;7,1;0:03.490;;7,1;0:03.570;
66,7;0:05.370;;42,9;0:10.490;;15,4;0:03.510;;7,1;0:03.580;
50;0:05.450;;57,1;0:10.570;;7,7;0:03.520;;6,7;0:03.590;
61,5;0:05.530;;50;0:10.640;;7,1;0:03.530;;7,1;0:03.600;
42,9;0:05.590;;40;0:10.700;;8,3;0:03.540;;13,3;0:03.620;
46,7;0:05.660;;50;0:10.770;;7,7;0:03.550;;26,7;0:03.660;
64,3;0:05.750;;64,3;0:10.860;;7,7;0:03.560;;40;0:03.720;
78,6;0:05.860;;40;0:10.920;;7,1;0:03.570;;44,4;0:03.800;
46,2;0:05.920;;61,5;0:11.000;;7,1;0:03.580;;46,7;0:03.870;
50;0:05.990;;26,7;0:11.040;;7,7;0:03.590;;41,2;0:03.940;
56,2;0:06.080;;53,8;0:11.110;;7,7;0:03.600;;41,2;0:04.010;
64,3;0:06.170;;40;0:11.170;;7,7;0:03.610;;47,1;0:04.090;
43,8;0:06.240;;57,1;0:11.250;;14,3;0:03.630;;33,3;0:04.150;
60;0:06.330;;57,1;0:11.330;;21,4;0:03.660;;50;0:04.230;
53,3;0:06.410;;50;0:11.400;;35,7;0:03.710;;41,2;0:04.300;
57,1;0:06.490;;53,3;0:11.480;;50;0:03.780;;42,1;0:04.380;
50;0:06.560;;31,2;0:11.530;;42,9;0:03.840;;46,7;0:04.450;
57,1;0:06.640;;64,3;0:11.620;;33,3;0:03.890;;35,3;0:04.510;
53,3;0:06.720;;43,8;0:11.690;;57,1;0:03.970;;50;0:04.590;
60;0:06.810;;62,5;0:11.790;;36,8;0:04.040;;47,4;0:04.680;
50;0:06.890;;46,7;0:11.860;;40;0:04.100;;44,4;0:04.760;
66,7;0:06.990;;53,3;0:11.940;;47,1;0:04.180;;41,2;0:04.830;
64,3;0:07.080;;42,9;0:12.000;;56,2;0:04.270;;56,2;0:04.920;
56,2;0:07.170;;46,7;0:12.070;;27,8;0:04.320;;35,3;0:04.980;
46,7;0:07.240;;33,3;0:12.120;;42,9;0:04.380;;41,2;0:05.050;
60;0:07.330;;60;0:12.210;;42,9;0:04.440;;50;0:05.130;
53,3;0:07.410;;57,1;0:12.290;;50;0:04.510;;41,2;0:05.200;
50;0:07.490;;37,5;0:12.350;;40;0:04.570;;43,8;0:05.270;
50;0:07.560;;57,1;0:12.430;;47,1;0:04.650;;38,9;0:05.340;
43,8;0:07.630;;50;0:12.500;;57,1;0:04.730;;43,8;0:05.410;
50;0:07.700;;50;0:12.570;;43,8;0:04.800;;42,9;0:05.470;
57,1;0:07.780;;50;0:12.640;;42,9;0:04.860;;27,8;0:05.520;
46,7;0:07.850;;46,7;0:12.710;;46,7;0:04.930;;53,3;0:05.600;
53,3;0:07.930;;43,8;0:12.780;;28,6;0:04.970;;43,8;0:05.670;
60;0:08.020;;57,1;0:12.860;;50;0:05.040;;37,5;0:05.730;
43,8;0:08.090;;62,5;0:12.960;;33,3;0:05.090;;37,5;0:05.790;
53,8;0:08.160;;37,5;0:13.020;;53,3;0:05.170;;37,5;0:05.850;
50;0:08.230;;42,9;0:13.080;;40;0:05.230;;46,7;0:05.920;
57,1;0:08.310;;57,1;0:13.160;;35,7;0:05.280;;43,8;0:05.990;
53,8;0:08.380;;53,3;0:13.240;;50;0:05.360;;52,9;0:06.080;
57,1;0:08.460;;56,2;0:13.330;;43,8;0:05.430;;47,1;0:06.160;
46,7;0:08.530;;46,7;0:13.400;;26,7;0:05.470;;35,3;0:06.220;
50;0:08.600;;53,3;0:13.480;;57,1;0:05.550;;53,3;0:06.300;
60;0:08.690;;43,8;0:13.550;;46,7;0:05.620;;43,8;0:06.370;
64,3;0:08.780;;43,8;0:13.620;;43,8;0:05.690;;43,8;0:06.440;
43,8;0:08.850;;57,1;0:13.700;;35,7;0:05.740;;41,2;0:06.510;
64,3;0:08.940;;46,2;0:13.760;;35,7;0:05.790;;46,7;0:06.580;
62,5;0:09.040;;57,1;0:13.840;;42,9;0:05.850;;53,3;0:06.660;
56,2;0:09.130;;33,3;0:13.890;;28,6;0:05.890;;50;0:06.740;
50;0:09.210;;50;0:13.960;;43,8;0:05.960;;47,1;0:06.820;
53,3;0:09.290;;46,7;0:14.030;;50;0:06.030;;38,9;0:06.890;
60;0:09.380;;57,1;0:14.110;;47,1;0:06.110;;37,5;0:06.950;
50;0:09.460;;46,7;0:14.180;;41,2;0:06.180;;43,8;0:07.020;
53,8;0:09.530;;60;0:14.270;;40;0:06.240;;52,9;0:07.110;
50;0:09.600;;41,2;0:14.340;;42,9;0:06.300;;47,1;0:07.190;
42,9;0:09.660;;66,7;0:14.440;;42,9;0:06.360;;38,9;0:07.260;
46,7;0:09.730;;57,1;0:14.520;;43,8;0:06.430;;43,8;0:07.330;
46,7;0:09.800;;57,1;0:14.600;;42,9;0:06.490;;47,1;0:07.410;
53,8;0:09.870;;62,5;0:14.700;;53,3;0:06.570;;35,3;0:07.470;
64,3;0:09.960;;40;0:14.760;;46,7;0:06.640;;46,7;0:07.540;
53,3;0:10.040;;57,1;0:14.840;;50;0:06.710;;50;0:07.610;
60;0:10.130;;42,9;0:14.900;;46,7;0:06.780;;35,3;0:07.670;
53,8;0:10.200;;57,1;0:14.980;;46,7;0:06.850;;43,8;0:07.740;
50;0:10.270;;57,1;0:15.060;;42,9;0:06.910;;50;0:07.820;
40;0:10.330;;35,7;0:15.110;;37,5;0:06.970;;56,2;0:07.910;
69,2;0:10.420;;35,7;0:15.160;;42,9;0:07.030;;47,1;0:07.990;
53,3;0:10.500;;64,3;0:15.250;;40;0:07.090;;47,4;0:08.080;
42,9;0:10.560;;50;0:15.320;;42,9;0:07.150;;35,3;0:08.140;
53,8;0:10.630;;60;0:15.410;;46,7;0:07.220;;47,1;0:08.220;
43,8;0:10.700;;33,3;0:15.460;;28,6;0:07.260;;43,8;0:08.290;
53,3;0:10.780;;46,7;0:15.530;;46,7;0:07.330;;44,4;0:08.370;
42,9;0:10.840;;57,1;0:15.610;;50;0:07.400;;41,2;0:08.440;
46,7;0:10.910;;50;0:15.690;;33,3;0:07.450;;38,9;0:08.510;
42,9;0:10.970;;42,9;0:15.750;;31,2;0:07.500;;50;0:08.590;
46,2;0:11.030;;50;0:15.820;;42,9;0:07.560;;40;0:08.650;
53,8;0:11.100;;35,7;0:15.870;;53,3;0:07.640;;35,3;0:08.710;
37,5;0:11.160;;50;0:15.940;;35,3;0:07.700;;47,1;0:08.790;
53,3;0:11.240;;53,3;0:16.020;;42,9;0:07.760;;47,1;0:08.870;
43,8;0:11.310;;46,7;0:16.090;;50;0:07.830;;37,5;0:08.930;
56,2;0:11.400;;53,8;0:16.160;;43,8;0:07.900;;38,9;0:09.000;
53,3;0:11.480;;60;0:16.250;;50;0:07.980;;50;0:09.090;
50;0:11.550;;35,3;0:16.310;;42,9;0:08.040;;38,9;0:09.160;
42,9;0:11.610;;64,3;0:16.400;;40;0:08.100;;43,8;0:09.230;
53,8;0:11.680;;50;0:16.470;;33,3;0:08.150;;37,5;0:09.290;
60;0:11.770;;64,3;0:16.560;;37,5;0:08.210;;41,2;0:09.360;
56,2;0:11.860;;52,9;0:16.650;;33,3;0:08.260;;29,4;0:09.410;
40;0:11.920;;42,9;0:16.710;;40;0:08.320;;60;0:09.500;
71,4;0:12.020;;76,9;0:16.810;;40;0:08.380;;42,1;0:09.580;
35,7;0:12.070;;47,1;0:16.890;;20;0:08.410;;42,1;0:09.660;
57,1;0:12.150;;35,3;0:16.950;;46,7;0:08.480;;43,8;0:09.730;
57,1;0:12.230;;50;0:17.020;;33,3;0:08.530;;50;0:09.810;
43,8;0:12.300;;35,7;0:17.070;;42,9;0:08.590;;56,2;0:09.900;
57,1;0:12.380;;71,4;0:17.170;;40;0:08.650;;47,1;0:09.980;
50;0:12.450;;50;0:17.250;;37,5;0:08.710;;52,9;0:10.070;
53,3;0:12.530;;53,3;0:17.330;;30,8;0:08.750;;38,9;0:10.140;
35,7;0:12.580;;57,1;0:17.410;;57,1;0:08.830;;46,7;0:10.210;
57,1;0:12.660;;33,3;0:17.460;;50;0:08.910;;41,2;0:10.280;
61,5;0:12.740;;50;0:17.530;;56,2;0:09.000;;41,2;0:10.350;
46,7;0:12.810;;71,4;0:17.630;;52,6;0:09.100;;56,2;0:10.440;
50;0:12.890;;52,9;0:17.720;;40;0:09.160;;47,1;0:10.520;
57,1;0:12.970;;29,4;0:17.770;;42,9;0:09.220;;37,5;0:10.580;
71,4;0:13.070;;35,7;0:17.820;;46,7;0:09.290;;43,8;0:10.650;
53,3;0:13.150;;50;0:17.890;;43,8;0:09.360;;37,5;0:10.710;
84,6;0:13.260;;50;0:17.960;;40;0:09.420;;53,3;0:10.790;
50;0:13.330;;41,2;0:18.030;;40;0:09.480;;52,9;0:10.880;
31,2;0:13.380;;71,4;0:18.130;;50;0:09.550;;43,8;0:10.950;
46,2;0:13.440;;56,2;0:18.220;;53,3;0:09.630;;46,7;0:11.020;
50;0:13.510;;56,2;0:18.310;;46,7;0:09.700;;43,8;0:11.090;
46,2;0:13.570;;43,8;0:18.380;;46,7;0:09.770;;31,2;0:11.140;
57,1;0:13.650;;56,2;0:18.470;;50;0:09.840;;47,1;0:11.220;
60;0:13.740;;57,1;0:18.550;;33,3;0:09.890;;50;0:11.300;
50;0:13.810;;44,4;0:18.630;;57,1;0:09.970;;45;0:11.390;
76,9;0:13.910;;53,3;0:18.710;;26,7;0:10.010;;33,3;0:11.450;
56,2;0:14.000;;50;0:18.790;;57,1;0:10.090;;62,5;0:11.550;
53,3;0:14.080;;50;0:18.880;;37,5;0:10.150;;42,1;0:11.630;
64,3;0:14.170;;50;0:18.960;;42,9;0:10.210;;47,1;0:11.710;
53,8;0:14.240;;50;0:19.030;;64,3;0:10.300;;42,1;0:11.790;
42,9;0:14.300;;46,7;0:19.100;;26,7;0:10.340;;38,9;0:11.860;
60;0:14.390;;61,5;0:19.180;;53,8;0:10.410;;55,6;0:11.960;
50;0:14.460;;40;0:19.240;;46,7;0:10.480;;36,8;0:12.030;
57,1;0:14.540;;50;0:19.310;;43,8;0:10.550;;47,4;0:12.120;
57,1;0:14.620;;35,7;0:19.360;;46,7;0:10.620;;52,9;0:12.210;
42,9;0:14.680;;71,4;0:19.460;;64,3;0:10.710;;62,5;0:12.310;
50;0:14.750;;43,8;0:19.530;;50;0:10.780;;42,1;0:12.390;
50;0:14.820;;46,7;0:19.600;;35,3;0:10.840;;53,3;0:12.470;
57,1;0:14.900;;50;0:19.670;;53,3;0:10.920;;44,4;0:12.550;
64,3;0:14.990;;47,1;0:19.750;;40;0:10.980;;41,2;0:12.620;
50;0:15.060;;50;0:19.830;;46,2;0:11.040;;43,8;0:12.690;
53,8;0:15.130;;47,1;0:19.910;;50;0:11.110;;31,2;0:12.740;
46,7;0:15.200;;57,1;0:19.990;;46,7;0:11.180;;46,7;0:12.810;
50;0:15.270;;50;0:20.060;;42,9;0:11.240;;56,2;0:12.900;
28,6;0:15.310;;75;0:20.180;;42,9;0:11.300;;38,9;0:12.970;
50;0:15.380;;35;0:20.250;;50;0:11.370;;47,1;0:13.050;
35,7;0:15.430;;40;0:20.310;;46,7;0:11.440;;47,1;0:13.130;
57,1;0:15.510;;57,1;0:20.390;;37,5;0:11.500;;41,2;0:13.200;
46,2;0:15.570;;46,7;0:20.460;;57,1;0:11.580;;41,2;0:13.270;
50;0:15.640;;53,3;0:20.540;;35,7;0:11.630;;50;0:13.350;
57,1;0:15.720;;60;0:20.630;;57,1;0:11.710;;37,5;0:13.410;
57,1;0:15.800;;53,3;0:20.710;;53,3;0:11.790;;50;0:13.490;
57,1;0:15.880;;56,2;0:20.800;;53,8;0:11.860;;60;0:13.580;
46,7;0:15.950;;62,5;0:20.900;;40;0:11.920;;47,4;0:13.670;
71,4;0:16.050;;44,4;0:20.980;;60;0:12.010;;41,2;0:13.740;
43,8;0:16.120;;46,7;0:21.050;;66,7;0:12.110;;66,7;0:13.840;
50;0:16.190;;53,3;0:21.130;;46,7;0:12.180;;35,3;0:13.900;
50;0:16.260;;53,3;0:21.210;;43,8;0:12.250;;50;0:13.980;
46,2;0:16.320;;35,7;0:21.260;;60;0:12.340;;44,4;0:14.060;
53,8;0:16.390;;50;0:21.330;;33,3;0:12.390;;41,2;0:14.130;
43,8;0:16.460;;42,9;0:21.390;;46,7;0:12.460;;50;0:14.220;
42,9;0:16.520;;64,3;0:21.480;;33,3;0:12.510;;44,4;0:14.300;
50;0:16.590;;40;0:21.540;;50;0:12.580;;50;0:14.390;
57,1;0:16.670;;52,9;0:21.630;;53,3;0:12.660;;31,6;0:14.450;
53,3;0:16.750;;46,7;0:21.700;;33,3;0:12.710;;50;0:14.530;
64,3;0:16.840;;57,1;0:21.780;;53,3;0:12.790;;56,2;0:14.620;
37,5;0:16.900;;42,9;0:21.840;;53,3;0:12.870;;47,1;0:14.700;
76,9;0:17.000;;43,8;0:21.910;;50;0:12.940;;44,4;0:14.780;
50;0:17.080;;56,2;0:22.000;;31,2;0:12.990;;38,9;0:14.850;
53,3;0:17.160;;60;0:22.090;;40;0:13.050;;50;0:14.930;
50;0:17.240;;46,7;0:22.160;;57,1;0:13.130;;52,9;0:15.020;
53,3;0:17.320;;40;0:22.220;;40;0:13.190;;31,6;0:15.080;
60;0:17.410;;42,9;0:22.280;;40;0:13.250;;53,3;0:15.160;
46,7;0:17.480;;50;0:22.350;;57,1;0:13.330;;33,3;0:15.220;
57,1;0:17.560;;60;0:22.440;;35,3;0:13.390;;56,2;0:15.310;
57,1;0:17.640;;68,8;0:22.550;;46,7;0:13.460;;35,3;0:15.370;
60;0:17.730;;47,1;0:22.630;;43,8;0:13.530;;56,2;0:15.460;
53,3;0:17.810;;43,8;0:22.700;;53,3;0:13.610;;50;0:15.550;
46,7;0:17.880;;64,3;0:22.790;;37,5;0:13.670;;38,9;0:15.620;
57,1;0:17.960;;66,7;0:22.890;;57,1;0:13.750;;56,2;0:15.710;
57,1;0:18.040;;35,3;0:22.950;;40;0:13.810;;50;0:15.790;
69,2;0:18.130;;57,1;0:23.030;;43,8;0:13.880;;44,4;0:15.870;
64,3;0:18.220;;53,3;0:23.110;;35,7;0:13.930;;60;0:15.960;
50;0:18.300;;60;0:23.200;;61,5;0:14.010;;29,4;0:16.010;
33,3;0:18.350;;37,5;0:23.260;;37,5;0:14.070;;47,1;0:16.090;
57,1;0:18.430;;64,3;0:23.350;;33,3;0:14.120;;47,1;0:16.170;
42,9;0:18.490;;37,5;0:23.410;;42,9;0:14.180;;37,5;0:16.230;
50;0:18.560;;60;0:23.500;;50;0:14.250;;35,3;0:16.290;
42,9;0:18.620;;42,9;0:23.560;;33,3;0:14.300;;41,2;0:16.360;
64,3;0:18.710;;64,3;0:23.650;;35,7;0:14.350;;60;0:16.450;
57,1;0:18.790;;56,2;0:23.740;;57,1;0:14.430;;47,1;0:16.530;
50;0:18.860;;35,7;0:23.790;;40;0:14.490;;47,1;0:16.610;
57,1;0:18.940;;40;0:23.850;;53,3;0:14.570;;43,8;0:16.680;
38,5;0:18.990;;71,4;0:23.950;;40;0:14.630;;53,3;0:16.760;
46,2;0:19.050;;40;0:24.010;;46,7;0:14.700;;52,9;0:16.850;
57,1;0:19.130;;37,5;0:24.070;;40;0:14.760;;35,3;0:16.910;
40;0:19.190;;57,1;0:24.150;;57,1;0:14.840;;68,8;0:17.020;
53,8;0:19.260;;53,3;0:24.230;;43,8;0:14.910;;42,1;0:17.100;
50;0:19.330;;43,8;0:24.300;;43,8;0:14.980;;47,1;0:17.180;
64,3;0:19.420;;71,4;0:24.400;;26,7;0:15.020;;41,2;0:17.250;
50;0:19.500;;64,3;0:24.490;;46,2;0:15.080;;53,3;0:17.330;
61,5;0:19.580;;40;0:24.550;;20;0:15.110;;50;0:17.410;
60;0:19.670;;53,3;0:24.630;;38,5;0:15.160;;50;0:17.500;
60;0:19.760;;57,1;0:24.710;;52,9;0:15.250;;40;0:17.580;
40;0:19.820;;35,7;0:24.760;;41,2;0:15.320;;35,3;0:17.640;
42,9;0:19.880;;60;0:24.850;;43,8;0:15.390;;41,2;0:17.710;
57,1;0:19.960;;55,6;0:24.950;;60;0:15.480;;60;0:17.800;
56,2;0:20.050;;42,9;0:25.010;;50;0:15.550;;41,2;0:17.870;
40;0:20.110;;60;0:25.100;;42,9;0:15.610;;53,3;0:17.950;
60;0:20.200;;60;0:25.190;;53,3;0:15.690;;42,1;0:18.030;
61,5;0:20.280;;37,5;0:25.250;;50;0:15.770;;44,4;0:18.110;
57,1;0:20.360;;57,1;0:25.330;;53,3;0:15.850;;43,8;0:18.180;
64,3;0:20.450;;57,1;0:25.410;;52,9;0:15.940;;44,4;0:18.260;
53,3;0:20.530;;33,3;0:25.460;;43,8;0:16.010;;60;0:18.350;
46,7;0:20.600;;35,7;0:25.510;;40;0:16.070;;33,3;0:18.410;
64,3;0:20.690;;66,7;0:25.610;;53,3;0:16.150;;33,3;0:18.460;
53,8;0:20.760;;57,1;0:25.690;;46,7;0:16.220;;43,8;0:18.530;
50;0:20.830;;37,5;0:25.750;;53,3;0:16.300;;31,2;0:18.580;
57,1;0:20.910;;43,8;0:25.820;;41,2;0:16.370;;37,5;0:18.640;
53,3;0:20.990;;57,1;0:25.900;;33,3;0:16.420;;46,7;0:18.710;
57,1;0:21.070;;46,7;0:25.970;;21,4;0:16.450;;42,1;0:18.790;
53,8;0:21.140;;43,8;0:26.040;;46,2;0:16.510;;47,1;0:18.870;
40;0:21.200;;46,7;0:26.110;;40;0:16.570;;43,8;0:18.940;
42,9;0:21.260;;46,7;0:26.180;;40;0:16.630;;56,2;0:19.030;
50;0:21.330;;37,5;0:26.240;;36,8;0:16.700;;50;0:19.110;
50;0:21.400;;50;0:26.310;;53,8;0:16.770;;50;0:19.200;
60;0:21.490;;43,8;0:26.380;;46,7;0:16.840;;33,3;0:19.260;
50;0:21.560;;50;0:26.460;;50;0:16.920;;43,8;0:19.330;
61,5;0:21.640;;56,2;0:26.550;;37,5;0:16.980;;50;0:19.410;
50;0:21.710;;62,5;0:26.650;;46,2;0:17.040;;41,2;0:19.480;
46,7;0:21.780;;47,1;0:26.730;;60;0:17.130;;38,9;0:19.550;
53,3;0:21.860;;40;0:26.810;;56,2;0:17.220;;50;0:19.640;
57,1;0:21.940;;31,2;0:26.860;;53,3;0:17.300;;41,2;0:19.710;
46,7;0:22.010;;53,3;0:26.940;;26,7;0:17.340;;47,1;0:19.790;
50;0:22.090;;50;0:27.010;;57,1;0:17.420;;60;0:19.880;
57,1;0:22.170;;58,8;0:27.110;;53,3;0:17.500;;41,2;0:19.950;
64,3;0:22.260;;50;0:27.200;;43,8;0:17.570;;44,4;0:20.030;
46,7;0:22.330;;31,6;0:27.260;;50;0:17.640;;50;0:20.110;
50;0:22.400;;31,2;0:27.310;;42,9;0:17.700;;56,2;0:20.200;
50;0:22.470;;37,5;0:27.370;;46,7;0:17.770;;44,4;0:20.280;
46,7;0:22.540;;40;0:27.430;;37,5;0:17.830;;41,2;0:20.350;
33,3;0:22.590;;35,7;0:27.480;;46,7;0:17.900;;60;0:20.440;
57,1;0:22.670;;46,7;0:27.550;;46,7;0:17.970;;37,5;0:20.500;
71,4;0:22.770;;57,1;0:27.630;;64,3;0:18.060;;50;0:20.580;
57,1;0:22.850;;64,3;0:27.720;;37,5;0:18.120;;37,5;0:20.640;
43,8;0:22.920;;44,4;0:27.800;;57,1;0:18.200;;29,4;0:20.690;
56,2;0:23.010;;46,7;0:27.870;;46,7;0:18.270;;37,5;0:20.750;
50;0:23.080;;50;0:27.950;;46,7;0:18.340;;41,2;0:20.820;
50;0:23.150;;58,8;0:28.050;;43,8;0:18.410;;41,2;0:20.890;
57,1;0:23.230;;41,2;0:28.120;;53,3;0:18.490;;56,2;0:20.980;
50;0:23.300;;46,7;0:28.190;;50;0:18.560;;31,6;0:21.040;
57,1;0:23.380;;31,2;0:28.240;;53,8;0:18.630;;43,8;0:21.110;
62,5;0:23.480;;53,3;0:28.320;;53,3;0:18.710;;50;0:21.190;
38,5;0:23.530;;52,9;0:28.410;;53,3;0:18.790;;43,8;0:21.260;
57,1;0:23.610;;47,1;0:28.490;;46,7;0:18.860;;41,2;0:21.330;
50;0:23.680;;31,8;0:28.560;;46,7;0:18.930;;35,3;0:21.390;
57,1;0:23.760;;25;0:28.610;;61,5;0:19.010;;33,3;0:21.440;
42,9;0:23.820;;53,3;0:28.690;;46,7;0:19.080;;52,9;0:21.530;
53,3;0:23.900;;57,1;0:28.770;;33,3;0:19.130;;35,3;0:21.590;
64,3;0:23.990;;31,8;0:28.840;;46,7;0:19.200;;43,8;0:21.660;
50;0:24.060;;50;0:28.910;;40;0:19.260;;52,9;0:21.750;
64,3;0:24.150;;36,8;0:28.980;;50;0:19.340;;41,2;0:21.820;
53,3;0:24.230;;41,2;0:29.050;;40;0:19.400;;43,8;0:21.890;
42,9;0:24.290;;35,3;0:29.110;;46,2;0:19.460;;29,4;0:21.940;
42,9;0:24.350;;64,3;0:29.200;;46,7;0:19.530;;37,5;0:22.000;
62,5;0:24.450;;50;0:29.280;;43,8;0:19.600;;37,5;0:22.060;
66,7;0:24.550;;42,9;0:29.340;;37,5;0:19.660;;29,4;0:22.110;
53,3;0:24.630;;42,9;0:29.400;;61,5;0:19.740;;50;0:22.190;
42,9;0:24.690;;50;0:29.480;;46,7;0:19.810;;47,1;0:22.270;
57,1;0:24.770;;40;0:29.540;;46,7;0:19.880;;38,9;0:22.340;
61,5;0:24.850;;35,3;0:29.600;;60;0:19.970;;60;0:22.430;
66,7;0:24.950;;53,3;0:29.680;;50;0:20.040;;31,2;0:22.480;
57,1;0:25.030;;66,7;0:29.780;;57,1;0:20.120;;50;0:22.560;
46,2;0:25.090;;50;0:29.870;;40;0:20.180;;47,1;0:22.640;
53,8;0:25.160;;50;0:29.950;;46,7;0:20.250;;53,3;0:22.720;
56,2;0:25.250;;35,3;0:30.010;;57,1;0:20.330;;41,2;0:22.790;
60;0:25.340;;41,2;0:30.080;;46,7;0:20.400;;37,5;0:22.850;
50;0:25.410;;50;0:30.160;;53,3;0:20.480;;46,7;0:22.920;
57,1;0:25.490;;50;0:30.230;;43,8;0:20.550;;50;0:23.000;
53,8;0:25.560;;56,2;0:30.320;;43,8;0:20.620;;41,2;0:23.070;
57,1;0:25.640;;43,8;0:30.390;;46,7;0:20.690;;56,2;0:23.160;
53,3;0:25.720;;43,8;0:30.460;;50;0:20.760;;38,9;0:23.230;
66,7;0:25.820;;31,2;0:30.510;;46,7;0:20.830;;41,2;0:23.300;
46,7;0:25.890;;26,7;0:30.550;;40;0:20.890;;50;0:23.380;
53,8;0:25.960;;16,7;0:30.580;;43,8;0:20.960;;46,7;0:23.450;
42,9;0:26.020;;7,1;0:30.590;;56,2;0:21.050;;50;0:23.530;
50;0:26.090;;7,1;0:30.600;;31,2;0:21.100;;47,1;0:23.610;
50;0:26.160;;7,7;0:30.610;;66,7;0:21.200;;43,8;0:23.680;
69,2;0:26.250;;7,7;0:30.620;;53,3;0:21.280;;53,3;0:23.760;
68,8;0:26.360;;14,3;0:30.640;;35,7;0:21.330;;52,9;0:23.850;
56,2;0:26.450;;7,7;0:30.650;;41,2;0:21.400;;33,3;0:23.910;
56,2;0:26.540;;15,4;0:30.670;;46,7;0:21.470;;41,2;0:23.980;
50;0:26.610;;7,7;0:30.680;;37,5;0:21.530;;43,8;0:24.050;
50;0:26.680;;15,4;0:30.700;;33,3;0:21.580;;37,5;0:24.110;
61,5;0:26.760;;7,7;0:30.710;;53,3;0:21.660;;43,8;0:24.180;
57,1;0:26.840;;7,7;0:30.720;;46,7;0:21.730;;47,1;0:24.260;
57,1;0:26.920;;7,1;0:30.730;;37,5;0:21.790;;47,1;0:24.340;
64,3;0:27.010;;7,7;0:30.740;;46,7;0:21.860;;41,2;0:24.410;
60;0:27.100;;7,7;0:30.750;;57,1;0:21.940;;47,1;0:24.490;
68,8;0:27.210;;42,24419552;;;50;0:22.030;;38,9;0:24.560;
50;0:27.290;;;;;53,3;0:22.110;;40;0:24.620;
42,9;0:27.350;;;;;31,2;0:22.160;;53,3;0:24.700;
57,1;0:27.430;;;;;42,9;0:22.220;;47,1;0:24.780;
53,3;0:27.510;;;;;40;0:22.280;;47,1;0:24.860;
40;0:27.570;;;;;50;0:22.350;;47,1;0:24.940;
50;0:27.640;;;;;46,7;0:22.420;;33,3;0:25.000;
64,3;0:27.730;;;;;60;0:22.510;;64,7;0:25.110;
46,7;0:27.800;;;;;46,7;0:22.580;;30;0:25.170;
57,1;0:27.880;;;;;33,3;0:22.630;;29,4;0:25.220;
46,7;0:27.950;;;;;53,3;0:22.710;;18,8;0:25.250;
46,7;0:28.020;;;;;33,3;0:22.760;;6,7;0:25.260;
64,3;0:28.110;;;;;50;0:22.830;;7,1;0:25.270;
41,2;0:28.180;;;;;50;0:22.900;;7,1;0:25.280;
56,2;0:28.270;;;;;50;0:22.980;;7,1;0:25.290;
46,7;0:28.340;;;;;50;0:23.060;;7,1;0:25.300;
43,8;0:28.410;;;;;42,9;0:23.120;;30,90927022;;
61,5;0:28.490;;;;;50;0:23.200;;;;
50;0:28.560;;;;;31,2;0:23.250;;;;
50;0:28.630;;;;;42,9;0:23.310;;;;
50;0:28.710;;;;;35,7;0:23.360;;;;
66,7;0:28.810;;;;;64,3;0:23.450;;;;
38,5;0:28.860;;;;;46,7;0:23.520;;;;
46,7;0:28.930;;;;;43,8;0:23.590;;;;
46,7;0:29.000;;;;;57,1;0:23.670;;;;
57,1;0:29.080;;;;;40;0:23.730;;;;
40;0:29.140;;;;;40;0:23.790;;;;
50;0:29.220;;;;;46,7;0:23.860;;;;
53,3;0:29.300;;;;;37,5;0:23.920;;;;
57,1;0:29.380;;;;;57,1;0:24.000;;;;
53,3;0:29.460;;;;;50;0:24.070;;;;
57,1;0:29.540;;;;;37,5;0:24.130;;;;
50;0:29.610;;;;;53,3;0:24.210;;;;
57,1;0:29.690;;;;;50;0:24.290;;;;
50;0:29.760;;;;;20;0:24.320;;;;
57,1;0:29.840;;;;;7,7;0:24.330;;;;
42,9;0:29.900;;;;;14,3;0:24.350;;;;
50;0:29.970;;;;;7,1;0:24.360;;;;
53,8;0:30.040;;;;;7,1;0:24.370;;;;
42,9;0:30.100;;;;;7,7;0:24.380;;;;
35,7;0:30.150;;;;;7,7;0:24.390;;;;
46,2;0:30.210;;;;;7,7;0:24.400;;;;
53,8;0:30.280;;;;;30,87429644;;;;;
53,3;0:30.360;;;;;;;;;;
46,2;0:30.420;;;;;;;;;;
61,5;0:30.500;;;;;;;;;;
38,5;0:30.550;;;;;;;;;;
37,5;0:30.610;;;;;;;;;;
40;0:30.670;;;;;;;;;;
28,6;0:30.710;;;;;;;;;;
13,3;0:30.730;;;;;;;;;;
7,1;0:30.740;;;;;;;;;;
7,7;0:30.750;;;;;;;;;;
7,7;0:30.760;;;;;;;;;;
7,7;0:30.770;;;;;;;;;;
7,7;0:30.780;;;;;;;;;;
39,7606947;;;;;;;;;;;
